{
  "per_system": {
    "edge_tts/hemkala": {
      "n": 176,
      "total_min": 6.892799999999999,
      "mean_s": 2.349818181818182,
      "median_s": 2.232,
      "min_s": 1.32,
      "max_s": 7.464,
      "std_s": 0.7304533628676613,
      "p10_s": 1.872,
      "p90_s": 2.784
    },
    "edge_tts/sagar": {
      "n": 176,
      "total_min": 6.7700000000000005,
      "mean_s": 2.3079545454545456,
      "median_s": 2.208,
      "min_s": 1.392,
      "max_s": 6.984,
      "std_s": 0.6755568439077864,
      "p10_s": 1.848,
      "p90_s": 2.712
    },
    "gtts": {
      "n": 176,
      "total_min": 6.696,
      "mean_s": 2.2827272727272727,
      "median_s": 2.112,
      "min_s": 0.744,
      "max_s": 8.424,
      "std_s": 0.9736916112230986,
      "p10_s": 1.668,
      "p90_s": 2.844
    },
    "gemini": {
      "n": 201,
      "total_min": 7.020709300000001,
      "mean_s": 2.095734119402985,
      "median_s": 2.010958,
      "min_s": 0.690958,
      "max_s": 7.410958,
      "std_s": 0.77988273133008,
      "p10_s": 1.410958,
      "p90_s": 2.610958
    },
    "piper": {
      "n": 191,
      "total_min": 5.315240983333333,
      "mean_s": 1.6697092094240835,
      "median_s": 1.509297,
      "min_s": 0.441179,
      "max_s": 6.931156,
      "std_s": 0.7270491619041771,
      "p10_s": 1.160998,
      "p90_s": 2.159456
    },
    "tingting_asmita": {
      "n": 202,
      "total_min": 4.909714216666667,
      "mean_s": 1.4583309554455446,
      "median_s": 1.332245,
      "min_s": 0.261224,
      "max_s": 5.590204,
      "std_s": 0.6501329584140019,
      "p10_s": 0.9691432000000001,
      "p90_s": 1.9043267000000001
    },
    "tingting_sambriddhi": {
      "n": 202,
      "total_min": 4.426448833333334,
      "mean_s": 1.3147867821782178,
      "median_s": 1.17551,
      "min_s": 0.20898,
      "max_s": 5.955918,
      "std_s": 0.6749636805730795,
      "p10_s": 0.835918,
      "p90_s": 1.724082
    },
    "tingting_subina": {
      "n": 202,
      "total_min": 5.384272033333334,
      "mean_s": 1.5992887227722774,
      "median_s": 1.436735,
      "min_s": 0.339592,
      "max_s": 5.616327,
      "std_s": 0.6734485811763435,
      "p10_s": 1.097143,
      "p90_s": 2.1368165
    },
    "elevenlabs": {
      "n": 203,
      "total_min": 6.0299320000000005,
      "mean_s": 1.7822459113300493,
      "median_s": 1.724082,
      "min_s": 0.522449,
      "max_s": 6.269388,
      "std_s": 0.6466088430941588,
      "p10_s": 1.306122,
      "p90_s": 2.1002446000000012
    }
  },
  "aggregate": {
    "n": 1729,
    "total_min": 53.445117366666665,
    "mean_s": 1.854659943319838,
    "median_s": 1.724082,
    "min_s": 0.20898,
    "max_s": 8.424,
    "std_s": 0.8150774897149373,
    "p10_s": 1.123265,
    "p90_s": 2.496
  }
}